{"stat.useItem.89":19,"achievement.openInventory":18,"stat.killEntity.Sheep":1,"stat.damageDealt":80,"achievement.exploreAllBiomes":{"value":0,"progress":["Forest","Taiga","Deep Ocean","Ocean","TaigaHills","Beach","Plains","Birch Forest","Roofed Forest","River","Sky","Birch Forest Hills"]},"stat.useItem.126":1,"stat.useItem.53":2,"stat.useItem.49":1,"stat.useItem.5":3,"stat.drop":1,"stat.useItem.95":4,"stat.flyOneCm":744320,"stat.leaveGame":3,"stat.playOneMinute":32272,"stat.mobKills":1,"stat.walkOneCm":52063,"stat.jump":129}